Parameter,Value
c1,0.3163163163163163
c2,278.2782782782783
c3,0.05345345345345345
c4,0.8628628628628628
c5,1557.5575575575576
c6,988.988988988989
c7,264.2642642642643
