Parameter,Value
c1,0.06958921711452984
c2,1197.570625554792
c3,0.007564478322175507
c4,0.3683493742883382
c5,789.7230587522379
c6,686.6898121086296
c7,155.0848254137032
