Parameter,Value
c1,0.060508724402020715
c2,1260.3988277743872
c3,0.0
c4,0.40864184295125877
c5,782.0665953492198
c6,637.230235646138
c7,131.8463714189738
