Parameter,Value
c1,0.5703920386412473
c2,1099.9902121603725
c3,0.04038034131763388
c4,0.42098437027710406
c5,826.2880231380973
c6,798.9753247697714
c7,355.60289317211175
