Parameter,Value
c1,0.6096096096096096
c2,56.056056056056065
c3,0.002102102102102102
c4,0.5125125125125125
c5,1995.9959959959963
c6,237.23723723723725
c7,790.7907907907909
