Parameter,Value
c1,0.6006006006006006
c2,1839.83983983984
c3,0.06776776776776777
c4,0.2122122122122122
c5,1921.9219219219221
c6,325.32532532532537
c7,3.0030030030030033
