Parameter,Value
c1,0.8878874332225033
c2,1602.6138883778378
c3,0.06404846292474749
c4,0.43685397774046836
c5,1513.0500211044916
c6,446.58667965707053
c7,896.5995527861414
