Parameter,Value
c1,0.44542428208637114
c2,1188.423971656964
c3,0.01525573733977123
c4,0.404146054273054
c5,1288.1285791837295
c6,123.38674307816542
c7,348.57153373429855
