Parameter,Value
c1,0.21188385568930768
c2,1245.2183397573156
c3,0.0
c4,0.4078773083063917
c5,741.4949358642823
c6,675.1991518855409
c7,131.21860070696516
