Parameter,Value
c1,0.5564531452910999
c2,1539.2158398690492
c3,0.04584495016546256
c4,0.3339521408159938
c5,1179.697467502794
c6,297.0266067482344
c7,270.5558409362706
