Parameter,Value
c1,0.5675675675675675
c2,1515.5155155155157
c3,0.033733733733733735
c4,0.8398398398398398
c5,1745.7457457457458
c6,131.13113113113116
c7,331.33133133133134
