Parameter,Value
c1,0.6972633740470574
c2,1007.5638546078325
c3,0.05582405757208523
c4,0.632705897678651
c5,1580.3184370674528
c6,920.2968996986364
c7,429.6476873427676
