Parameter,Value
c1,0.09655337379422013
c2,1259.6661913601602
c3,9.152686978223329e-05
c4,0.34256874557304845
c5,818.0983207257591
c6,657.4003414073596
c7,86.46930389382894
