Parameter,Value
c1,0.7904136953284105
c2,1163.8042935862707
c3,0.05557844756824279
c4,0.4235468444880186
c5,1237.57977715377
c6,801.2044670415102
c7,175.295905380469
