Parameter,Value
c1,2945.945945945946
c2,0.000872972972972973
c3,0.01297297297297297
