Parameter,Value
c1,0.71127739655097
c2,799.2932433798135
c3,0.00915416401359197
c4,0.6152491647184358
c5,1894.1157064082347
c6,92.31486165737668
c7,279.182381545862
