Parameter,Value
c1,0.6412088761216337
c2,428.4644885894482
c3,0.058651469614512786
c4,8.367221060223695e-05
c5,1740.4746044191204
c6,379.28030195877284
c7,108.33915961910733
