Parameter,Value
c1,0.02622081433434581
c2,1303.7589039829122
c3,0.007159409848800133
c4,0.354641479005319
c5,769.9783968306871
c6,683.246447560705
c7,119.99526747020276
