Parameter,Value
c1,0.7814385697993498
c2,1086.191771389834
c3,0.027358289384103784
c4,0.15531549547136125
c5,1328.3243048614618
c6,648.7601862716921
c7,251.46129294763685
