Parameter,Value
c1,3774.774774774775
c2,0.0008234234234234235
c3,0.01864864864864865
