Parameter,Value
c1,0.6216216216216216
c2,740.7407407407408
c3,0.008608608608608608
c4,0.49149149149149146
c5,1111.1111111111113
c6,50.050050050050054
c7,228.22822822822826
