Parameter,Value
c1,0.9403240118415975
c2,1027.7603729594966
c3,0.05744177451037472
c4,0.07380476299157174
c5,520.2447333048142
c6,1036.8063357667115
c7,88.59278941986962
