Parameter,Value
c1,0.1981981981981982
c2,816.8168168168169
c3,0.005305305305305306
c4,0.7667667667667668
c5,1003.0030030030031
c6,714.7147147147148
c7,73.07307307307308
