Parameter,Value
c1,0.5007545756693199
c2,1722.073448077404
c3,0.05481239415027225
c4,0.3854172695755087
c5,838.9048615087353
c6,76.91337037017665
c7,44.36857228088176
