Parameter,Value
c1,0.8805805306594092
c2,1709.9654101231092
c3,0.08686707084696782
c4,0.4687136530588101
c5,1328.2386529120079
c6,892.1133708856304
c7,990.1959254551626
