Parameter,Value
c1,0.3511362743604487
c2,1752.1997303498788
c3,0.07848014290982191
c4,0.6676592220806762
c5,1199.8786340319828
c6,88.4898943888386
c7,751.4255901447383
