Parameter,Value
c1,0.8428428428428428
c2,1263.2632632632633
c3,0.09799799799799801
c4,0.8168168168168168
c5,1089.0890890890892
c6,615.6156156156156
c7,327.32732732732734
