Parameter,Value
c1,0.24724724724724725
c2,1167.1671671671672
c3,0.050550550550550556
c4,0.5485485485485485
c5,1231.2312312312313
c6,705.7057057057058
c7,74.07407407407408
