Parameter,Value
c1,0.4074074074074074
c2,1685.685685685686
c3,0.07957957957957958
c4,0.2032032032032032
c5,34.034034034034036
c6,949.94994994995
c7,281.2812812812813
