Parameter,Value
c1,0.16416416416416416
c2,1421.4214214214217
c3,0.014314314314314316
c4,0.11611611611611611
c5,2000.0
c6,616.6166166166166
c7,345.3453453453454
