Parameter,Value
c1,0.17791540817103776
c2,1218.3192475765718
c3,0.0
c4,0.4055139330302559
c5,765.0987569761252
c6,702.2385602542934
c7,116.43961028173626
