Parameter,Value
c1,0.13634017459404668
c2,987.4050316512257
c3,0.09250113184432442
c4,0.19137799738732203
c5,809.6668378523885
c6,1152.172271402733
c7,13.680980335087963
