Parameter,Value
c1,0.8716829331423073
c2,1420.323302641397
c3,0.09585097430216669
c4,0.42981333788658194
c5,1745.7578286436146
c6,355.9576679736146
c7,929.7636529038467
