Parameter,Value
c1,0.0868713234499413
c2,1687.20011686405
c3,0.03979947783685424
c4,0.6109888058027856
c5,960.2957373729128
c6,144.00002059363328
c7,468.13438599866777
