Parameter,Value
c1,0.6109542800295006
c2,1028.5636606023647
c3,0.08592768613895557
c4,0.6634172895851717
c5,1481.2801497266355
c6,927.8439386023815
c7,806.2979654663579
