Parameter,Value
c1,0.3133133133133133
c2,918.918918918919
c3,0.09839839839839841
c4,0.25725725725725723
c5,1211.2112112112113
c6,879.8798798798799
c7,904.904904904905
