Parameter,Value
c1,0.3233233233233233
c2,1841.841841841842
c3,0.023523523523523524
c4,0.09309309309309309
c5,1511.5115115115116
c6,343.34334334334335
c7,694.6946946946947
