Parameter,Value
c1,0.7207422419460845
c2,996.8918079211811
c3,0.05009240316833048
c4,0.4876544529899538
c5,1420.4457635488282
c6,924.7465813600516
c7,185.23809902355194
