Parameter,Value
c1,0.25125125125125125
c2,1327.3273273273273
c3,0.021821821821821824
c4,0.8078078078078078
c5,1789.78978978979
c6,990.9909909909911
c7,432.43243243243245
