Parameter,Value
c1,0.5657678850203933
c2,1047.6330598258887
c3,0.04189098723842023
c4,0.43159680913031256
c5,848.0967836088004
c6,795.7647076282384
c7,348.4977465126319
