Parameter,Value
c1,0.2902902902902903
c2,610.6106106106107
c3,0.007307307307307308
c4,0.8898898898898899
c5,1013.013013013013
c6,419.41941941941946
c7,218.21821821821823
