Parameter,Value
c1,0.9189189189189189
c2,500.50050050050055
c3,0.0967967967967968
c4,0.2952952952952953
c5,1333.3333333333335
c6,422.42242242242247
c7,801.8018018018018
