Parameter,Value
c1,0.2419674100921203
c2,1034.6092126144513
c3,0.009676223854288825
c4,0.441514778303414
c5,770.7727468741436
c6,903.5193455904762
c7,210.20347145999492
