Parameter,Value
c1,0.2072072072072072
c2,530.5305305305305
c3,0.06326326326326327
c4,0.12212212212212212
c5,856.8568568568569
c6,160.16016016016016
c7,778.7787787787788
