Parameter,Value
c1,0.2922922922922923
c2,1995.9959959959963
c3,0.008408408408408409
c4,0.6576576576576576
c5,1593.5935935935938
c6,295.2952952952953
c7,914.914914914915
