Parameter,Value
c1,0.001001001001001001
c2,556.5565565565566
c3,0.04274274274274274
c4,0.13813813813813813
c5,570.5705705705706
c6,120.12012012012013
c7,498.4984984984985
