Parameter,Value
c1,0.47047047047047047
c2,748.7487487487488
c3,0.0017017017017017019
c4,0.47347347347347346
c5,278.2782782782783
c6,149.14914914914917
c7,852.852852852853
