Parameter,Value
c1,0.8188899343858405
c2,1928.4074845128955
c3,0.004679488879617411
c4,0.6951547230371581
c5,1280.8861117443823
c6,777.8689793996774
c7,990.0180375283514
