Parameter,Value
c1,0.8048048048048048
c2,1303.3033033033034
c3,0.007007007007007007
c4,0.6646646646646647
c5,684.6846846846847
c6,795.7957957957958
c7,522.5225225225225
