Parameter,Value
c1,0.5617476428456695
c2,788.5650269198705
c3,0.046980415365034715
c4,0.6350842317093215
c5,1455.637441063741
c6,791.7203006039502
c7,518.1854061282014
