Parameter,Value
c1,0.3816018613935325
c2,826.9443027931923
c3,0.07078710635411865
c4,0.4444499116283578
c5,372.61008430409197
c6,951.8450141326081
c7,457.84790438808716
