Parameter,Value
c1,0.07407407407407407
c2,1591.5915915915916
c3,0.07787787787787788
c4,0.6996996996996997
c5,1671.671671671672
c6,788.7887887887889
c7,521.5215215215215
