Parameter,Value
c1,0.6426426426426426
c2,1103.1031031031032
c3,0.0058058058058058064
c4,0.16616616616616617
c5,1729.7297297297298
c6,329.32932932932937
c7,472.47247247247253
