Parameter,Value
c1,0.6964691855978616
c2,929.2090024255692
c3,0.022685145356420314
c4,0.2756573845414456
c5,1219.4689697855629
c6,923.1064601244609
c7,98.09565564007693
