Parameter,Value
c1,0.19168852907217332
c2,1231.3222879547193
c3,0.0
c4,0.4031063215056497
c5,753.8303910555491
c6,691.5490531029233
c7,124.78875712066892
