Parameter,Value
c1,0.09654593117451749
c2,1256.2213557454734
c3,1.3891876841165602e-06
c4,0.39442090032360283
c5,773.8539978978285
c6,669.174238139851
c7,80.07875097377678
