Parameter,Value
c1,0.4754754754754755
c2,490.4904904904905
c3,0.0937937937937938
c4,0.0960960960960961
c5,916.916916916917
c6,63.06306306306307
c7,207.20720720720723
