Parameter,Value
c1,0.2182182182182182
c2,1391.3913913913916
c3,0.07557557557557558
c4,0.37037037037037035
c5,1515.5155155155157
c6,311.31131131131133
c7,297.29729729729735
