Parameter,Value
c1,0.7317317317317317
c2,1769.76976976977
c3,0.01641641641641642
c4,0.8198198198198198
c5,432.43243243243245
c6,651.6516516516517
c7,219.21921921921924
