Parameter,Value
c1,0.5542445523679204
c2,1095.6470107925525
c3,0.0870444122589022
c4,0.6921244973972818
c5,1437.9659587769447
c6,931.346595406927
c7,784.8439656806682
