Parameter,Value
c1,1800.3003003003003
c2,0.0004369369369369369
c3,0.11366366366366368
