Parameter,Value
c1,0.15715715715715717
c2,1423.4234234234236
c3,0.08238238238238238
c4,0.5665665665665666
c5,1065.0650650650653
c6,497.49749749749753
c7,814.8148148148149
