Parameter,Value
c1,8621.621621621622
c2,0.000163963963963964
c3,0.04972972972972974
