Parameter,Value
c1,0.990990990990991
c2,1633.6336336336337
c3,0.009609609609609611
c4,0.08508508508508508
c5,156.15615615615616
c6,792.7927927927929
c7,217.21721721721724
