Parameter,Value
c1,0.5840196959511236
c2,1559.0659863026845
c3,0.06429157911763204
c4,0.44371502591556833
c5,477.882695668578
c6,881.5880650556086
c7,894.8133450211334
