Parameter,Value
c1,0.5989893121083604
c2,1321.277334422148
c3,0.000582548558395124
c4,0.19283784936276005
c5,880.832776041526
c6,760.7690687620811
c7,14.229212744637913
