Parameter,Value
c1,1534.5345345345345
c2,0.0005396396396396396
c3,0.18423423423423424
