Parameter,Value
c1,0.1397684362033691
c2,689.481246449782
c3,0.09283899865605484
c4,0.44745260085896016
c5,1145.8602802543774
c6,590.3599636134032
c7,46.50861768426029
