Parameter,Value
c1,0.23623623623623624
c2,1117.1171171171172
c3,0.025425425425425426
c4,0.5735735735735735
c5,1609.6096096096098
c6,105.10510510510511
c7,180.1801801801802
