Parameter,Value
c1,0.5136730645864428
c2,1540.6374608468618
c3,0.07390212807875693
c4,0.19183806971029582
c5,676.826626137226
c6,733.5274882823394
c7,711.6288223962944
