Parameter,Value
c1,0.3863863863863864
c2,1027.027027027027
c3,0.011611611611611613
c4,0.23223223223223222
c5,160.16016016016016
c6,926.926926926927
c7,342.34234234234236
