Parameter,Value
c1,0.06506506506506507
c2,1245.2452452452453
c3,0.04924924924924925
c4,0.6036036036036035
c5,586.5865865865867
c6,973.973973973974
c7,516.5165165165166
