Parameter,Value
c1,0.8859480793616661
c2,1896.80477624024
c3,0.08317592022900486
c4,0.18728602071793776
c5,1767.4923946301121
c6,444.79195955845086
c7,979.8397633006102
