Parameter,Value
c1,0.45670200970166275
c2,1999.9591525709827
c3,0.019364546082535218
c4,0.12328036237589546
c5,754.174961410029
c6,513.6493285470829
c7,94.18366642487759
