Parameter,Value
c1,2855.855855855856
c2,0.0001657657657657657
c3,0.09288288288288289
