Parameter,Value
c1,1471.4714714714714
c2,0.0005027027027027027
c3,0.06051051051051051
