Parameter,Value
c1,0.0763237163908892
c2,1218.9214399735279
c3,0.010301649012768721
c4,0.4494093035262414
c5,704.732251721921
c6,898.2657059294564
c7,177.34444063061557
