Parameter,Value
c1,0.8738738738738738
c2,1825.825825825826
c3,0.05775775775775776
c4,0.7557557557557557
c5,750.7507507507509
c6,98.0980980980981
c7,106.10610610610611
