Parameter,Value
c1,0.6476476476476476
c2,1343.3433433433433
c3,0.06686686686686687
c4,0.14014014014014015
c5,1365.3653653653655
c6,984.9849849849851
c7,572.5725725725727
