Parameter,Value
c1,0.523026160708603
c2,1669.1823071032816
c3,0.05997271448239727
c4,0.5140472829358785
c5,909.5519943443735
c6,491.7666834105187
c7,226.3387010368424
