Parameter,Value
c1,0.5855855855855856
c2,850.850850850851
c3,0.05905905905905906
c4,0.9039039039039038
c5,32.032032032032035
c6,816.8168168168169
c7,621.6216216216217
