Parameter,Value
c1,0.2860292865752866
c2,735.2447479768597
c3,0.06895555047496815
c4,0.8771874530114467
c5,1081.5680861057156
c6,347.2933922079274
c7,787.0936409690361
