Parameter,Value
c1,0.4782783251402386
c2,768.5941712777881
c3,0.05577293745229052
c4,0.5070309962234986
c5,610.0796628588414
c6,935.8657282440248
c7,420.58055266391835
