Parameter,Value
c1,0.6263392245679449
c2,1595.7102892151001
c3,0.012793721475560075
c4,0.6556321982912943
c5,1611.5800200101778
c6,297.485757657643
c7,338.31136383505503
