Parameter,Value
c1,0.33233233233233234
c2,452.4524524524525
c3,0.0065065065065065065
c4,0.3533533533533533
c5,1317.3173173173175
c6,179.1791791791792
c7,561.5615615615616
