Parameter,Value
c1,0.38296855950611564
c2,1420.4391326481464
c3,0.009614056922075842
c4,0.7506730574814778
c5,1013.1914615188524
c6,515.4059924708469
c7,162.39256932255807
