Parameter,Value
c1,0.8999581069791946
c2,1419.2846387856102
c3,0.0528818447000422
c4,0.05409886255562246
c5,841.6803548446214
c6,380.0419010243351
c7,171.5469965099633
