Parameter,Value
c1,0.48148148148148145
c2,1427.4274274274276
c3,0.0
c4,0.28128128128128127
c5,1703.703703703704
c6,365.3653653653654
c7,554.5545545545546
