Parameter,Value
c1,0.5926150252377561
c2,1005.6080060425019
c3,0.08388298238400779
c4,0.6808475452406032
c5,1397.7314529458092
c6,905.713534565102
c7,791.7628684530551
