Parameter,Value
c1,0.5145145145145145
c2,1889.8898898898901
c3,0.05175175175175176
c4,0.7087087087087087
c5,544.5445445445446
c6,423.42342342342346
c7,257.25725725725727
