Parameter,Value
c1,0.1871871871871872
c2,604.6046046046047
c3,0.024424424424424426
c4,0.4174174174174174
c5,86.0860860860861
c6,86.0860860860861
c7,796.7967967967969
