Parameter,Value
c1,0.4554799321242512
c2,1353.5767882408118
c3,0.02395108250445547
c4,0.07284401571775523
c5,983.5072222486721
c6,631.1748180827316
c7,959.3432379629738
