Parameter,Value
c1,0.9139139139139139
c2,1527.5275275275276
c3,0.05335335335335335
c4,0.7977977977977978
c5,726.7267267267268
c6,22.022022022022025
c7,793.7937937937938
