Parameter,Value
c1,0.37588676714573965
c2,1159.2337967308015
c3,0.03484993342411907
c4,0.7166332631352964
c5,1215.6254746728885
c6,427.4705709913974
c7,135.05433115193281
