Parameter,Value
c1,0.6256256256256256
c2,870.8708708708709
c3,0.00890890890890891
c4,0.1881881881881882
c5,560.5605605605606
c6,19.01901901901902
c7,137.13713713713716
