Parameter,Value
c1,1361.8618618618618
c2,0.0006108108108108108
c3,0.11111111111111112
