Parameter,Value
c1,0.3125034706610309
c2,1742.9876514620944
c3,0.021133571967958842
c4,0.6044039840726313
c5,1146.8987913543685
c6,114.32957512513558
c7,466.7366133871886
