Parameter,Value
c1,0.10905013420242804
c2,1174.6003023876217
c3,0.010033678393521085
c4,0.41824678366999635
c5,748.7622042809843
c6,66.28447863106047
c7,715.1081309578707
