Parameter,Value
c1,0.10488473624822581
c2,1118.3693005223354
c3,0.020048312601210996
c4,0.3665690965570763
c5,957.050243720026
c6,1328.4411687214115
c7,4.301664675244605
