Parameter,Value
c1,0.5742203855943553
c2,961.7875188379585
c3,0.08979283202843302
c4,0.6229050303870779
c5,1447.3808738041862
c6,989.1796326174822
c7,784.4965127910194
