Parameter,Value
c1,0.35168657419385907
c2,120.8955596341994
c3,0.016506685270345555
c4,0.11284772776244356
c5,1262.517181905364
c6,277.4837501192714
c7,126.6567008279752
