Parameter,Value
c1,0.26926926926926925
c2,1595.5955955955958
c3,0.07187187187187187
c4,0.23923923923923923
c5,106.10610610610611
c6,534.5345345345346
c7,872.8728728728729
