Parameter,Value
c1,0.07584701095403401
c2,621.7727122453067
c3,0.019209706061630784
c4,0.5427598779558069
c5,897.369855475466
c6,713.8580762559117
c7,401.17846956016456
