Parameter,Value
c1,0.3979383604912945
c2,1001.6686171274665
c3,0.05832365034407982
c4,0.410868245130384
c5,1790.1410859922073
c6,280.9273864464496
c7,275.49428315071003
