Parameter,Value
c1,0.4006574121427001
c2,1421.6519147611818
c3,0.050216889172312575
c4,0.44115327031095575
c5,1188.617641468002
c6,31.10638134966568
c7,127.52879898487815
