Parameter,Value
c1,0.867445170879364
c2,1806.6663818359375
c3,0.09999999403953552
c4,0.061516087502241135
c5,919.1320190429688
c6,458.8263854980469
c7,126.97270965576172
