Parameter,Value
c1,0.1029064589827371
c2,1248.0731724609461
c3,0.0
c4,0.3312095618161226
c5,717.4226420549767
c6,669.9124436030422
c7,115.1017221848772
