Parameter,Value
c1,0.3063063063063063
c2,704.7047047047048
c3,0.0898898898898899
c4,0.9309309309309309
c5,1223.2232232232234
c6,707.7077077077078
c7,136.13613613613614
