Parameter,Value
c1,0.10710642094793564
c2,1246.4759627530877
c3,0.005182994380401874
c4,0.37065545850672943
c5,758.0524321642662
c6,649.3801924715156
c7,50.80731450831022
