Parameter,Value
c1,0.8648648648648649
c2,712.7127127127128
c3,0.050250250250250254
c4,0.5805805805805806
c5,1751.751751751752
c6,21.021021021021024
c7,66.06606606606607
