Parameter,Value
c1,0.9879879879879879
c2,526.5265265265266
c3,0.0975975975975976
c4,0.7737737737737738
c5,854.8548548548549
c6,897.897897897898
c7,870.8708708708709
