Parameter,Value
c1,0.11823144522348572
c2,1298.3536079622604
c3,0.005347833612126752
c4,0.4422407890488629
c5,536.2760706000927
c6,815.8623269458385
c7,198.94288214485735
