Parameter,Value
c1,0.003940205554765375
c2,531.3825623196444
c3,0.064213237301212
c4,0.13892207241813798
c5,1385.9105114761305
c6,1031.4743000478145
c7,68.88233505097936
