Parameter,Value
c1,0.5548194848864301
c2,1061.5514143016474
c3,0.08031746316283199
c4,0.6833107171896745
c5,1422.6256033793063
c6,911.2986725335858
c7,817.9026438000946
