Parameter,Value
c1,0.30918108022644114
c2,1141.5493083347174
c3,0.03458048694827331
c4,0.6696067613858765
c5,1269.8662101711493
c6,420.57595127601286
c7,111.14518224630355
