Parameter,Value
c1,0.42042042042042044
c2,1539.5395395395396
c3,0.08388388388388389
c4,0.024024024024024024
c5,1563.5635635635638
c6,62.06206206206207
c7,21.021021021021024
