Parameter,Value
c1,0.6386386386386387
c2,98.0980980980981
c3,0.03883883883883884
c4,0.5845845845845846
c5,470.4704704704705
c6,524.5245245245246
c7,940.940940940941
