Parameter,Value
c1,0.9569891619931011
c2,989.8366495756293
c3,0.08412336566765377
c4,0.4989691443080555
c5,1988.73437075007
c6,964.2277815510308
c7,319.35209216089777
