Parameter,Value
c1,2000.0
c2,0.0005035151463652086
c3,0.0775040401041282
