Parameter,Value
c1,0.4624552359935957
c2,1138.2112597735695
c3,0.013732043423288199
c4,0.4684196505838407
c5,1051.2317542298858
c6,155.00117390953505
c7,753.4848228316325
