Parameter,Value
c1,0.3319938246527212
c2,1299.2660990213776
c3,0.0530481936882272
c4,0.4702308349210609
c5,1188.265651224833
c6,23.795794462169063
c7,48.51248969587685
