Parameter,Value
c1,0.377220399717035
c2,1291.579905212923
c3,0.0507998457976148
c4,1.0
c5,696.2458979542909
c6,678.8043434161326
c7,296.5273139264305
