Parameter,Value
c1,0.5796226128473261
c2,1035.3819190313802
c3,0.08616586923500348
c4,0.6617371520152314
c5,1383.092780629125
c6,976.1632909353858
c7,800.0133487562151
