Parameter,Value
c1,0.5645098454628403
c2,980.150568009723
c3,0.08444505193800224
c4,0.6530989158214899
c5,1431.6272192562503
c6,939.9219955946337
c7,791.6641474533914
