Parameter,Value
c1,0.9671641375768735
c2,1074.4259492506792
c3,0.052490450985253935
c4,0.1676842318603221
c5,1491.6509072915787
c6,943.0020843365199
c7,422.2931847052792
