Parameter,Value
c1,0.7363149244791712
c2,1836.6620881451647
c3,0.08985154841813764
c4,0.7100625538022145
c5,1439.4860842930107
c6,438.6374628350334
c7,971.3306117967459
