Parameter,Value
c1,1929.4294294294293
c2,0.0003045045045045045
c3,0.11516516516516517
