Parameter,Value
c1,0.5905905905905906
c2,492.49249249249254
c3,0.098998998998999
c4,0.8958958958958959
c5,1541.5415415415416
c6,617.6176176176177
c7,419.41941941941946
