Parameter,Value
c1,0.6946946946946947
c2,966.9669669669671
c3,0.04454454454454455
c4,0.9009009009009009
c5,1245.2452452452453
c6,621.6216216216217
c7,305.30530530530535
