Parameter,Value
c1,0.5347704997174595
c2,1929.6815286844255
c3,0.08385006277895886
c4,0.003023956930290783
c5,1020.3439713537215
c6,719.7434176809267
c7,372.25582770824985
