Parameter,Value
c1,0.5651047843183672
c2,970.0469299245882
c3,0.08510323568672994
c4,0.6475915578620236
c5,1452.4736579776677
c6,1000.0
c7,837.6820235601188
