Parameter,Value
c1,3828.828828828829
c2,0.0005171171171171171
c3,0.05072072072072073
