Parameter,Value
c1,0.0686472209026123
c2,1240.4678863536008
c3,0.0012645886790202399
c4,0.3582763008251536
c5,769.2073784757814
c6,612.4394624556754
c7,88.17393021979964
