Parameter,Value
c1,0.8494317940777896
c2,1586.682987290953
c3,0.06110235106775829
c4,0.3612216912851108
c5,822.9589138531783
c6,861.7886556223141
c7,23.598059857016604
