Parameter,Value
c1,0.44244244244244246
c2,1761.7617617617618
c3,0.07277277277277278
c4,0.9829829829829829
c5,252.25225225225228
c6,515.5155155155155
c7,930.930930930931
