Parameter,Value
c1,0.8433490180248938
c2,1093.638928027439
c3,0.02945491195505509
c4,0.2779119837449493
c5,1105.1760868140625
c6,630.4769777414105
c7,287.1524542933895
