Parameter,Value
c1,0.3833833833833834
c2,422.42242242242247
c3,0.06596596596596598
c4,0.6136136136136137
c5,1993.993993993994
c6,82.0820820820821
c7,205.20520520520523
