Parameter,Value
c1,0.6842166123571308
c2,742.795347038747
c3,0.043785757713693696
c4,0.26629488466940876
c5,1330.2712301748322
c6,446.87398427863894
c7,328.8780777719902
