Parameter,Value
c1,0.2446624459936
c2,1721.4326535618613
c3,0.03703876024684625
c4,0.5212968284618504
c5,1030.4917868109737
c6,221.032678564805
c7,366.79686765057176
