Parameter,Value
c1,0.6199827523409979
c2,1903.7017438856667
c3,0.0912423602953002
c4,0.44396795451516047
c5,150.42292565637783
c6,871.6579821091736
c7,562.0387760109827
