Parameter,Value
c1,0.16716716716716717
c2,484.48448448448454
c3,0.006206206206206206
c4,0.7317317317317317
c5,1285.2852852852855
c6,366.3663663663664
c7,989.98998998999
