Parameter,Value
c1,0.43197491555538103
c2,1521.5992750008015
c3,0.02006038870836202
c4,0.789827248755856
c5,723.607985532656
c6,956.9919104542212
c7,484.9291673937029
