Parameter,Value
c1,0.08408408408408408
c2,750.7507507507509
c3,0.0901901901901902
c4,0.13013013013013014
c5,568.5685685685686
c6,402.40240240240246
c7,94.0940940940941
