Parameter,Value
c1,0.12740366578611761
c2,1086.3444235922975
c3,0.011847966525051747
c4,0.5441551711925205
c5,850.7920895183414
c6,868.9911712110203
c7,267.6077846380256
