Parameter,Value
c1,0.5545692229109674
c2,1043.012103239552
c3,0.041593696668785735
c4,0.41494549630189215
c5,869.7536682629111
c6,798.1079525051572
c7,367.5940265335549
