Parameter,Value
c1,0.22822822822822822
c2,1811.811811811812
c3,0.0974974974974975
c4,0.5575575575575575
c5,1771.771771771772
c6,93.0930930930931
c7,696.6966966966968
