Parameter,Value
c1,0.017017017017017015
c2,906.906906906907
c3,0.02972972972972973
c4,0.47847847847847846
c5,1253.2532532532534
c6,785.7857857857858
c7,820.8208208208209
