Parameter,Value
c1,0.6271975620482811
c2,1633.9861757365186
c3,0.06606220533841156
c4,0.3236510580632891
c5,895.5614415278674
c6,293.25103751646486
c7,80.06450050894132
