Parameter,Value
c1,0.3613645769054643
c2,1919.5598039293761
c3,0.017122219483649736
c4,0.24919814531301576
c5,1042.6597478956076
c6,29.958123153919438
c7,656.8401227589607
