Parameter,Value
c1,0.19297648879311718
c2,1232.3137122772553
c3,0.0
c4,0.40322720684951663
c5,752.9526947634521
c6,690.5274378203773
c7,125.3295479612237
