Parameter,Value
c1,0.5114685758307881
c2,1950.4692602521827
c3,0.06269431135582519
c4,0.7012840075381724
c5,849.5795161348003
c6,850.8001899809827
c7,808.6530471280632
