Parameter,Value
c1,0.7647647647647647
c2,1941.941941941942
c3,0.03773773773773774
c4,0.17617617617617617
c5,152.15215215215215
c6,506.5065065065065
c7,77.07707707707708
