Parameter,Value
c1,0.7465586892669323
c2,1417.775646960022
c3,0.07378260205039412
c4,0.3098738326925874
c5,1249.8918048689625
c6,611.1273098960368
c7,992.1107405695273
