Parameter,Value
c1,0.5681533092068494
c2,1054.9041169901775
c3,0.03827713724834489
c4,0.38650455830814623
c5,840.3939959983031
c6,795.1350633793935
c7,325.92522225012726
