Parameter,Value
c1,0.3203938951437705
c2,1632.894339736031
c3,0.03054816606730081
c4,0.5959092521848414
c5,1113.4071666255365
c6,212.7208767515514
c7,323.317040094152
