Parameter,Value
c1,0.13906079361279994
c2,1198.1738606667082
c3,0.0
c4,0.37554211585371744
c5,767.108265520229
c6,633.7293485135309
c7,105.58641907580223
