Parameter,Value
c1,0.46646646646646645
c2,1035.0350350350352
c3,0.039639639639639644
c4,0.4124124124124124
c5,1447.4474474474475
c6,776.7767767767768
c7,847.8478478478479
