Parameter,Value
c1,0.8108108108108109
c2,1273.2732732732734
c3,0.03313313313313313
c4,0.5785785785785785
c5,1483.4834834834837
c6,965.965965965966
c7,154.15415415415416
