Parameter,Value
c1,0.5009088447395496
c2,1668.839513467361
c3,0.03183697927644263
c4,0.8582245643852889
c5,943.30276666579
c6,799.8255205425729
c7,614.2779137066698
