Parameter,Value
c1,0.19549947199312995
c2,1234.232702851861
c3,5.157171600565818e-08
c4,0.4034722214669216
c5,751.185056468606
c6,688.4178383431151
c7,126.3540717696531
