Parameter,Value
c1,0.5279796478644787
c2,750.266639832378
c3,0.04866899311207473
c4,0.503946988083719
c5,741.2148221700194
c6,932.8433183220164
c7,418.5154218126895
