Parameter,Value
c1,0.988988988988989
c2,1283.2832832832835
c3,0.006106106106106107
c4,0.44744744744744747
c5,1615.6156156156158
c6,646.6466466466467
c7,787.7877877877878
