Parameter,Value
c1,0.8360291258831721
c2,1296.5667826007168
c3,0.057060888952555025
c4,0.07715626218912441
c5,1345.9603807736305
c6,231.430393652603
c7,363.74181337557076
