Parameter,Value
c1,0.9529529529529529
c2,1767.767767767768
c3,0.08438438438438439
c4,0.4364364364364364
c5,56.056056056056065
c6,279.2792792792793
c7,484.48448448448454
