Parameter,Value
c1,0.2998194513907955
c2,1167.433686790362
c3,0.03435335998153466
c4,0.6677772936144878
c5,1262.9181754860394
c6,424.2170812580235
c7,116.23312682779586
