Parameter,Value
c1,0.16216216216216217
c2,1291.2912912912914
c3,0.06666666666666667
c4,0.5165165165165165
c5,1957.9579579579581
c6,397.3973973973974
c7,628.6286286286287
