Parameter,Value
c1,0.29371404638882936
c2,1446.4641857817314
c3,0.009210493994507518
c4,0.21685058633976412
c5,930.8627633296439
c6,993.6850976503063
c7,43.15719873928697
