Parameter,Value
c1,0.29929929929929927
c2,116.11611611611613
c3,0.03623623623623624
c4,0.1781781781781782
c5,642.6426426426427
c6,283.2832832832833
c7,37.03703703703704
