Parameter,Value
c1,0.5027179057892085
c2,806.9853279341934
c3,0.06623611613691052
c4,0.40004017932107616
c5,522.6771744721623
c6,948.9037430692532
c7,396.4786425336118
