Parameter,Value
c1,0.9423915176044445
c2,1765.949552795926
c3,0.057212016075728615
c4,0.473851356179273
c5,1511.2264139336623
c6,713.2423826804918
c7,793.7872517769592
