Parameter,Value
c1,0.21421421421421422
c2,1955.9559559559561
c3,0.0871871871871872
c4,0.06706706706706707
c5,292.2922922922923
c6,649.6496496496497
c7,235.23523523523525
