Parameter,Value
c1,0.6848297385848633
c2,1221.3978522265413
c3,0.03921175181941505
c4,0.1715890080754347
c5,1229.0497073840418
c6,938.5722446796244
c7,6.908111764347266
