Parameter,Value
c1,0.7187187187187187
c2,1473.4734734734736
c3,0.07177177177177177
c4,0.29429429429429427
c5,666.6666666666667
c6,184.1841841841842
c7,496.49649649649655
