Parameter,Value
c1,0.8772310517754769
c2,1134.7748672326218
c3,0.03865843727766463
c4,0.33999322900813955
c5,1305.6440412154973
c6,826.5028909496265
c7,681.7176765413138
