Parameter,Value
c1,0.7647397048921516
c2,920.7712495143869
c3,0.02782012576855579
c4,0.24155408544715878
c5,1136.5435246598117
c6,926.716587347855
c7,0.0
