Parameter,Value
c1,0.5520390131735549
c2,1014.6514823386108
c3,0.04444184194102033
c4,0.42819532667636795
c5,877.68565547032
c6,789.9585656269602
c7,430.6265544532076
