Parameter,Value
c1,0.16916916916916916
c2,1121.1211211211212
c3,0.059659659659659664
c4,0.7167167167167167
c5,1449.4494494494495
c6,344.3443443443444
c7,963.963963963964
