Parameter,Value
c1,0.5750621831405683
c2,1079.2357402785428
c3,0.011076770887546682
c4,0.40572019660028286
c5,1447.045965576098
c6,109.13850031197016
c7,310.4118725008413
