Parameter,Value
c1,0.6960866583862015
c2,895.5754734814539
c3,0.0379419405300584
c4,0.3708898903088861
c5,1461.2430028588778
c6,417.63199354232114
c7,0.0
