Parameter,Value
c1,0.5107161792275241
c2,950.7251985285536
c3,0.041894743047002636
c4,0.4845903148852983
c5,859.5286288915762
c6,788.8647836216812
c7,434.21721440482025
