Parameter,Value
c1,1819.8198198198197
c2,0.0007657657657657658
c3,0.14444444444444446
