Parameter,Value
c1,0.6865521390856021
c2,1006.527890684245
c3,0.03886073596488024
c4,0.3346745840297623
c5,1459.8893354096892
c6,450.92367789753524
c7,75.74570812206164
