Parameter,Value
c1,5126.126126126126
c2,0.0008585585585585586
c3,0.0518918918918919
