Parameter,Value
c1,0.7989475511220704
c2,1814.7942861038223
c3,0.08840393269305108
c4,0.38151933273409266
c5,266.16901523744406
c6,958.6463103084378
c7,441.62088006757585
