Parameter,Value
c1,0.22522522522522523
c2,1347.3473473473475
c3,0.04974974974974975
c4,0.5815815815815816
c5,954.954954954955
c6,728.7287287287288
c7,858.858858858859
