Parameter,Value
c1,0.41541541541541543
c2,1717.717717717718
c3,0.0935935935935936
c4,0.32232232232232233
c5,302.30230230230234
c6,771.7717717717718
c7,438.4384384384385
