Parameter,Value
c1,0.10810810810810811
c2,1063.063063063063
c3,0.0998998998998999
c4,0.993993993993994
c5,1229.2292292292293
c6,942.942942942943
c7,900.900900900901
