Parameter,Value
c1,0.6800262360479675
c2,1818.2079326374035
c3,0.053217044082243814
c4,0.7274685333984977
c5,1071.419346402272
c6,707.9968195681389
c7,724.9223560590033
