Parameter,Value
c1,0.6009197533510366
c2,1051.2812208613402
c3,0.054760058638044
c4,0.5717851307051748
c5,891.899362666138
c6,815.2447891277197
c7,316.69109829588547
