Parameter,Value
c1,0.6226226226226226
c2,1719.71971971972
c3,0.08528528528528528
c4,0.6336336336336337
c5,1501.5015015015017
c6,425.4254254254255
c7,470.4704704704705
