Parameter,Value
c1,0.09003036329975467
c2,1034.0633388085594
c3,0.09614656277091391
c4,0.6699019337401753
c5,218.56614716023626
c6,945.1372091336117
c7,495.579760332716
