Parameter,Value
c1,0.9474511477245487
c2,1549.8860131513145
c3,0.039621779432539396
c4,0.4474590884476982
c5,1419.5811630748944
c6,525.3386156211205
c7,956.5070756148649
