Parameter,Value
c1,0.1206646983432953
c2,545.8309808872091
c3,0.08023451605390312
c4,0.02858096815749861
c5,1187.1620769600543
c6,936.8996707063139
c7,26.127821493645982
