Parameter,Value
c1,0.1152992982417238
c2,1143.1361529154053
c3,0.010131718805248303
c4,0.5448458535362092
c5,634.4650432639413
c6,827.8808846220323
c7,234.48393839289884
