Parameter,Value
c1,0.4453874153707125
c2,1278.5032528097465
c3,0.02838667836801094
c4,0.8883382161018891
c5,719.9008307123534
c6,672.0609898361224
c7,387.4296353711369
