Parameter,Value
c1,0.6146146146146146
c2,234.23423423423426
c3,0.05545545545545546
c4,0.5145145145145145
c5,450.4504504504505
c6,881.881881881882
c7,846.8468468468469
