Parameter,Value
c1,0.539885029415019
c2,1198.6896078130608
c3,0.01836023786790697
c4,0.4695443990676741
c5,928.7706656129116
c6,571.0342603914822
c7,314.50705056835005
