Parameter,Value
c1,0.741654899613949
c2,1151.8730225459972
c3,0.06740413830839029
c4,0.5722036959200176
c5,1671.451439639782
c6,924.2438780428114
c7,844.6097479773679
