Parameter,Value
c1,0.014014014014014014
c2,194.1941941941942
c3,0.052552552552552555
c4,0.05105105105105105
c5,1393.3933933933936
c6,552.5525525525526
c7,589.5895895895897
