Parameter,Value
c1,0.5942732727373702
c2,1121.5921396483475
c3,0.04282026304502448
c4,0.4426465245421982
c5,862.6285717362779
c6,804.3883258823288
c7,343.9773123147505
