Parameter,Value
c1,0.43709732777609056
c2,1262.986879941921
c3,0.044700025775529256
c4,0.19980504349288725
c5,737.0948985694137
c6,1126.261303703841
c7,24.130086301314467
