Parameter,Value
c1,0.5167124485528233
c2,1538.4252715927214
c3,0.07381156084134836
c4,0.19325597106601297
c5,675.5472724292666
c6,735.0488758240451
c7,711.5375427978871
