Parameter,Value
c1,1940.9808882741122
c2,0.0003225182326382889
c3,0.08922326201700546
