Parameter,Value
c1,0.12912912912912913
c2,1931.931931931932
c3,0.03693693693693694
c4,0.934934934934935
c5,870.8708708708709
c6,745.7457457457458
c7,780.7807807807809
