Parameter,Value
c1,0.7522523676893459
c2,1073.727670821311
c3,0.06773702769579519
c4,0.644620112374531
c5,1664.2362448580425
c6,937.7854606470502
c7,422.18961996394654
