Parameter,Value
c1,0.07107107107107107
c2,540.5405405405406
c3,0.005605605605605606
c4,0.8708708708708709
c5,1975.975975975976
c6,867.867867867868
c7,65.06506506506507
