Parameter,Value
c1,0.27927927927927926
c2,1865.865865865866
c3,0.08878878878878879
c4,0.3483483483483483
c5,408.40840840840843
c6,676.6766766766767
c7,144.14414414414415
