Parameter,Value
c1,0.1881881881881882
c2,1183.1831831831832
c3,0.03333333333333333
c4,0.4264264264264264
c5,306.30630630630634
c6,272.2722722722723
c7,61.06106106106107
