Parameter,Value
c1,0.3122938410159965
c2,1151.67363398934
c3,0.0344994000863939
c4,0.6733593228331644
c5,1262.8247674576191
c6,422.6374551981522
c7,114.96777318521946
