Parameter,Value
c1,0.467607413367232
c2,1841.2376988788383
c3,0.06180831316241996
c4,0.5052993394230006
c5,1277.5953570497725
c6,22.046089886101793
c7,295.26197275177543
