Parameter,Value
c1,0.2962962962962963
c2,514.5145145145145
c3,0.049049049049049054
c4,0.6316316316316316
c5,1395.3953953953956
c6,270.2702702702703
c7,87.0870870870871
