Parameter,Value
c1,0.5745913247099654
c2,1501.522161776402
c3,0.0422761960948319
c4,0.5187328941715748
c5,726.849462326927
c6,838.9491170977777
c7,260.1567716350961
