Parameter,Value
c1,1013.5135135135134
c2,0.0009765765765765765
c3,0.18663663663663665
