Parameter,Value
c1,0.9619619619619619
c2,546.5465465465466
c3,0.061961961961961964
c4,0.26726726726726724
c5,1373.3733733733734
c6,601.6016016016016
c7,237.23723723723725
