Parameter,Value
c1,0.35735735735735735
c2,306.30630630630634
c3,0.08158158158158159
c4,0.938938938938939
c5,1339.3393393393394
c6,377.3773773773774
c7,209.20920920920923
