Parameter,Value
c1,7018.018018018019
c2,0.0003036036036036036
c3,0.05567567567567568
