Parameter,Value
c1,0.16060543438897412
c2,1269.5502528841519
c3,0.003662295537815752
c4,0.1874236017333044
c5,917.4783219495444
c6,832.5685647560608
c7,57.72419002142222
