Parameter,Value
c1,0.5125125125125125
c2,1867.867867867868
c3,0.060860860860860864
c4,0.43343343343343343
c5,1383.3833833833835
c6,631.6316316316316
c7,540.5405405405406
