Parameter,Value
c1,0.5112132534318837
c2,1537.1782527884732
c3,0.0740605013784023
c4,0.19202129222942044
c5,673.5506516186443
c6,732.9762902207303
c7,712.2055715500006
