Parameter,Value
c1,1965.4654654654653
c2,0.0002828828828828829
c3,0.05570570570570571
