Parameter,Value
c1,0.5674339784265724
c2,1032.8767509355655
c3,0.08469407831198529
c4,0.7500624700743896
c5,1429.9832091405276
c6,933.2027416965785
c7,766.1881904948117
