Parameter,Value
c1,2198.198198198198
c2,0.000236036036036036
c3,0.01792792792792793
