Parameter,Value
c1,0.5511271848906888
c2,1055.2088054452436
c3,0.03167605595004285
c4,0.3537660115070995
c5,827.6034873425724
c6,788.514108561222
c7,369.80884587907286
