Parameter,Value
c1,0.7481202621357073
c2,1646.8867025700913
c3,0.061267231525413926
c4,0.5392118236643171
c5,1238.0630406150794
c6,726.7188641495767
c7,989.7022137876451
