Parameter,Value
c1,0.13230294055302017
c2,1653.1094474506021
c3,0.041502143794082014
c4,0.6497588037042958
c5,1082.0247409970464
c6,117.14282336027748
c7,81.64694366556368
