Parameter,Value
c1,0.1896157054293287
c2,1319.4281045013793
c3,0.06315377885321716
c4,0.7921562825345189
c5,1493.0678985035229
c6,219.61346900837586
c7,834.6185627937322
