Parameter,Value
c1,0.30930930930930933
c2,612.6126126126127
c3,0.0025025025025025025
c4,0.7107107107107107
c5,122.12212212212214
c6,393.3933933933934
c7,570.5705705705706
