Parameter,Value
c1,0.9055036338160014
c2,1606.6581786478816
c3,0.06796538987397709
c4,0.2049301104539819
c5,1488.7018408674146
c6,217.67718964125194
c7,894.3985520505828
