Parameter,Value
c1,0.657194377782979
c2,1546.105456447583
c3,0.0032805876488214204
c4,0.5676266240831026
c5,1268.0175050178757
c6,249.17304870645708
c7,251.33510704668305
