Parameter,Value
c1,0.3975640516334864
c2,1007.7782919128997
c3,0.0617186088553268
c4,0.40473948597374754
c5,1985.7090282577024
c6,188.96615610308777
c7,221.3827144893951
