Parameter,Value
c1,0.5779889831023213
c2,1077.3529590034905
c3,0.04029765491670215
c4,0.4488613358255082
c5,818.4855630674093
c6,801.1372682739928
c7,284.1471398749975
