Parameter,Value
c1,0.3365125661776608
c2,1334.7689102022373
c3,0.07018270794356317
c4,0.37671577804396683
c5,328.7679619470696
c6,935.2653805230842
c7,478.65538407514595
