Parameter,Value
c1,0.487310405503306
c2,1004.9044069425169
c3,0.08502336817215025
c4,0.671671878816272
c5,1415.510234833009
c6,936.3862319571331
c7,781.7649885048183
