Parameter,Value
c1,0.8308308308308309
c2,1239.2392392392394
c3,0.08038038038038038
c4,0.35735735735735735
c5,1295.2952952952953
c6,206.20620620620622
c7,536.5365365365366
