Parameter,Value
c1,0.7209060127100164
c2,804.3797420349397
c3,0.019819241338856097
c4,0.3076924136226889
c5,1228.5169432660246
c6,921.368964067727
c7,118.58520158524351
