Parameter,Value
c1,0.6289636077186995
c2,1278.3791495146909
c3,0.02959608434451635
c4,0.35426444529375056
c5,1284.2042849334284
c6,127.08443271929704
c7,302.81954911849806
