Parameter,Value
c1,0.8038038038038038
c2,1235.2352352352355
c3,0.01041041041041041
c4,0.4224224224224224
c5,268.2682682682683
c6,875.875875875876
c7,618.6186186186187
