Parameter,Value
c1,0.6757187483764626
c2,1742.7242058740885
c3,0.09526717207817537
c4,0.38358279450476607
c5,452.7429442809314
c6,739.1322741643773
c7,712.4239086847023
