Parameter,Value
c1,0.6143184736403398
c2,1178.2461677851495
c3,0.015460048165122312
c4,0.7127839233662814
c5,1972.2734469629747
c6,253.93543481264265
c7,44.2976821809845
