Parameter,Value
c1,0.4559185714538749
c2,639.1391581416049
c3,0.01769566882800513
c4,0.3801423733244102
c5,795.2099594196445
c6,765.8848797608726
c7,842.1864241554135
