Parameter,Value
c1,8927.927927927929
c2,0.0004873873873873873
c3,0.03774774774774775
