Parameter,Value
c1,0.4452645500404318
c2,819.4257139087623
c3,0.068179303019557
c4,0.4278914583362426
c5,605.7303892996825
c6,933.4289574481941
c7,411.17518040779277
