Parameter,Value
c1,0.17011647404917984
c2,518.6301931270622
c3,0.031208447811936935
c4,0.33889299315413646
c5,859.3953788731857
c6,890.7936005675422
c7,335.35856960638574
