Parameter,Value
c1,0.43243243243243246
c2,1553.5535535535537
c3,0.056056056056056056
c4,0.4934934934934935
c5,1201.2012012012012
c6,394.39439439439445
c7,202.20220220220222
