Parameter,Value
c1,0.5718785150700778
c2,1046.3025303966617
c3,0.04274465257948152
c4,0.43828135127073564
c5,843.0042864580541
c6,793.016314968659
c7,355.6564836535027
