Parameter,Value
c1,0.6549951279191377
c2,1113.6051951553286
c3,0.03563100194999096
c4,0.1443863437083618
c5,815.7220163956114
c6,882.9835573715521
c7,188.1543231417907
