Parameter,Value
c1,0.17690048789345036
c2,1206.9957985447904
c3,0.006737263320615583
c4,0.19221430781023918
c5,892.0329415512431
c6,687.4800220065455
c7,188.84534081261742
