Parameter,Value
c1,0.04104104104104104
c2,1501.5015015015017
c3,0.02812812812812813
c4,0.5065065065065065
c5,800.8008008008009
c6,746.7467467467468
c7,450.4504504504505
