Parameter,Value
c1,0.6564673992009522
c2,947.0538287427959
c3,0.020677332945685373
c4,0.2965831328886289
c5,1267.3214666897288
c6,921.1377329097422
c7,154.43443818471044
