Parameter,Value
c1,0.4416521926632846
c2,1255.9985119161508
c3,0.0056666287753917135
c4,0.7950515787848103
c5,752.6947428092883
c6,669.2143493174866
c7,475.5114053690951
