Parameter,Value
c1,0.31431431431431434
c2,1959.95995995996
c3,0.0963963963963964
c4,0.2832832832832833
c5,1169.1691691691692
c6,790.7907907907909
c7,388.3883883883884
