Parameter,Value
c1,0.3103103103103103
c2,728.7287287287288
c3,0.07217217217217217
c4,0.12012012012012012
c5,1087.0870870870872
c6,60.06006006006007
c7,45.04504504504505
