Parameter,Value
c1,0.06261431925318453
c2,1186.4688818980546
c3,0.00023512483795101242
c4,0.36644950583363206
c5,821.1655763498231
c6,749.6201662962999
c7,84.73891148216903
