Parameter,Value
c1,0.6066066066066066
c2,760.7607607607608
c3,0.06786786786786787
c4,0.94994994994995
c5,640.6406406406406
c6,562.5625625625626
c7,932.932932932933
