Parameter,Value
c1,0.3980442553304314
c2,1606.9931085980536
c3,0.01824917304535
c4,0.08772587807374627
c5,1031.5513738418383
c6,1031.827587096866
c7,63.80569489658078
