Parameter,Value
c1,0.5261301458565772
c2,806.5423492812787
c3,0.001361404446852721
c4,0.5523571014988237
c5,1606.4872653681223
c6,98.3618898913805
c7,1.2859134384296533
