Parameter,Value
c1,0.3153153153153153
c2,474.4744744744745
c3,0.0953953953953954
c4,0.3213213213213213
c5,438.4384384384385
c6,979.97997997998
c7,552.5525525525526
