Parameter,Value
c1,8540.54054054054
c2,0.0006810810810810811
c3,0.05108108108108109
