Parameter,Value
c1,0.995995995995996
c2,1319.3193193193194
c3,0.08808808808808809
c4,0.8388388388388388
c5,766.7667667667669
c6,396.3963963963964
c7,67.06706706706707
