Parameter,Value
c1,0.194886199024902
c2,318.3090784627889
c3,0.0821315554867939
c4,0.01888901929739184
c5,357.48633637798457
c6,853.2158322272346
c7,252.4717591787432
