Parameter,Value
c1,0.362211202759518
c2,517.7130440736306
c3,0.007520841846984006
c4,0.40675307307413977
c5,892.985479022403
c6,601.2598793024864
c7,768.2985885010622
