Parameter,Value
c1,0.4344344344344344
c2,1179.1791791791793
c3,0.009909909909909911
c4,0.47147147147147145
c5,900.900900900901
c6,835.835835835836
c7,928.928928928929
