Parameter,Value
c1,0.7661590100614344
c2,1550.5218116136975
c3,0.07688427134753853
c4,0.2236916528650451
c5,259.17588580122344
c6,916.2601054729975
c7,801.5362052002175
