Parameter,Value
c1,0.8078078078078078
c2,1435.4354354354355
c3,0.0024024024024024027
c4,0.5325325325325325
c5,520.5205205205206
c6,992.9929929929931
c7,333.33333333333337
