Parameter,Value
c1,0.3663663663663664
c2,1851.851851851852
c3,0.0016016016016016017
c4,0.6326326326326326
c5,1833.833833833834
c6,39.03903903903904
c7,428.42842842842845
