Parameter,Value
c1,0.6290336174910461
c2,1135.6214186404752
c3,0.019228543753781094
c4,0.7506961531677612
c5,1908.799688307648
c6,249.48516758343033
c7,80.24490391983929
