Parameter,Value
c1,0.8831671572101004
c2,1258.6436252079113
c3,0.01777968147485706
c4,0.49768814625750146
c5,1885.7150982709852
c6,818.4378651644078
c7,268.29201679566086
