Parameter,Value
c1,0.1397684362033691
c2,340.0095788363906
c3,0.09283899865605484
c4,0.8949052017179203
c5,1327.1345324833173
c6,181.32396725206294
c7,460.2233239048083
