Parameter,Value
c1,0.10743049923401496
c2,1278.7275934875804
c3,0.00630764758860114
c4,0.36907797394166064
c5,775.8250128441251
c6,644.0165952832468
c7,149.61219642816204
