Parameter,Value
c1,0.08949991664434487
c2,1587.6095662741534
c3,0.04082606652887747
c4,0.4938638824296681
c5,1020.0040553569236
c6,785.9372638731265
c7,64.1632603805322
