Parameter,Value
c1,0.3123123123123123
c2,1305.3053053053054
c3,0.06296296296296297
c4,0.6126126126126126
c5,390.39039039039045
c6,725.7257257257257
c7,346.34634634634637
