Parameter,Value
c1,0.3122612229724653
c2,1139.5269604442121
c3,0.08933891631171348
c4,0.4720800091019398
c5,1001.8366758843365
c6,1123.9529517921112
c7,12.446221112850276
