Parameter,Value
c1,0.5696468969153852
c2,1061.7848350432985
c3,0.08599956652805624
c4,0.6584635825787454
c5,1412.1177154815334
c6,887.241303815427
c7,731.6806190307113
