Parameter,Value
c1,0.38884710132737194
c2,1493.3216889144312
c3,0.030012364139630588
c4,0.5698869658306824
c5,925.5853993766756
c6,506.5959128266035
c7,239.73990206449483
