Parameter,Value
c1,0.9089089089089089
c2,1933.9339339339342
c3,0.004704704704704705
c4,0.5635635635635635
c5,296.2962962962963
c6,376.3763763763764
c7,79.07907907907908
