Parameter,Value
c1,0.3188739535601301
c2,1124.597918904279
c3,0.0347075670959711
c4,0.6730193835255125
c5,1272.0904998537565
c6,418.84870524493584
c7,108.84841904347826
