Parameter,Value
c1,0.3325809088377707
c2,1996.1603776811573
c3,0.05035925041134055
c4,0.6464635987814581
c5,911.8300216728894
c6,520.747717529931
c7,263.741960009704
