Parameter,Value
c1,0.836440698156829
c2,1623.7485310720642
c3,0.0062068256717407455
c4,0.34258611581683795
c5,1645.3620623152526
c6,112.91798127505659
c7,345.8275872324575
