Parameter,Value
c1,0.14614614614614616
c2,308.3083083083083
c3,0.041841841841841844
c4,0.3253253253253253
c5,110.11011011011011
c6,257.25725725725727
c7,614.6146146146147
