Parameter,Value
c1,0.5725725725725725
c2,1243.2432432432433
c3,0.009309309309309309
c4,0.7587587587587588
c5,946.946946946947
c6,433.4334334334335
c7,391.39139139139144
