Parameter,Value
c1,0.2682682682682683
c2,1567.5675675675677
c3,0.07527527527527528
c4,0.6786786786786787
c5,116.11611611611613
c6,495.49549549549556
c7,762.7627627627628
