Parameter,Value
c1,0.5154443023684284
c2,1536.8433726097626
c3,0.07388991989773604
c4,0.19329953636276354
c5,674.023753861331
c6,734.7381189159981
c7,711.8156436344917
