Parameter,Value
c1,0.4187846342094359
c2,1533.3330441774444
c3,0.06655827249847239
c4,0.4454963240217349
c5,947.91480941371
c6,107.05263720398062
c7,432.13182440482035
