Parameter,Value
c1,0.9309309309309309
c2,1367.3673673673675
c3,0.040940940940940945
c4,0.14214214214214213
c5,1273.2732732732734
c6,839.8398398398399
c7,933.933933933934
