Parameter,Value
c1,0.148523443132275
c2,1212.915208641587
c3,0.0
c4,0.3299083488778274
c5,741.8196222316047
c6,576.4969374502627
c7,128.52392515969808
