Parameter,Value
c1,0.4230327147571654
c2,650.4072849073974
c3,0.009136051466209572
c4,0.4232709258481643
c5,842.0867690884027
c6,750.5078220168642
c7,949.4655209515256
