Parameter,Value
c1,1351.3513513513512
c2,0.000845945945945946
c3,0.14744744744744748
