Parameter,Value
c1,530.03003003003
c2,0.0009378378378378378
c3,0.06936936936936938
