Parameter,Value
c1,0.5553795205018395
c2,1043.0436663800813
c3,0.038311383784437096
c4,0.41594785600840034
c5,846.4449816739299
c6,791.1119251700426
c7,379.3014218559175
