Parameter,Value
c1,0.168397602113613
c2,1203.331496471315
c3,0.0
c4,0.4167417998813172
c5,776.7443517822501
c6,706.2727655032301
c7,103.73269488403301
