Parameter,Value
c1,0.5305305305305306
c2,566.5665665665666
c3,0.02192192192192192
c4,0.06406406406406406
c5,780.7807807807809
c6,97.0970970970971
c7,704.7047047047048
