Parameter,Value
c1,0.33733733733733734
c2,1295.2952952952953
c3,0.025325325325325325
c4,0.02002002002002002
c5,708.7087087087087
c6,285.2852852852853
c7,239.23923923923925
