Parameter,Value
c1,0.013013013013013013
c2,1083.0830830830832
c3,0.04984984984984985
c4,0.08208208208208208
c5,414.41441441441447
c6,592.5925925925926
c7,666.6666666666667
