Parameter,Value
c1,0.5919067960622862
c2,1560.6566893172019
c3,0.01090058364158032
c4,0.628632016369911
c5,1735.764743878491
c6,13.712119138304836
c7,293.2991073665524
