Parameter,Value
c1,0.8938938938938938
c2,1863.863863863864
c3,0.0075075075075075074
c4,0.41041041041041043
c5,1385.3853853853855
c6,417.4174174174175
c7,158.15815815815816
