Parameter,Value
c1,0.3172854818203209
c2,1122.2393179304477
c3,0.0866309157883366
c4,0.12522768269825335
c5,983.0342642627043
c6,1485.559785610705
c7,52.429026806721126
