Parameter,Value
c1,0.7676691092705484
c2,1043.9649081486646
c3,0.041915757115026604
c4,0.5247146675338467
c5,1455.3196282772653
c6,917.6016975694988
c7,443.3264421646593
